folder_id,task,interrupt,measure,n_trials,accuracy
101,LD,rest,post,160,0.99375
101,LD,rest,pre,159,0.9685534591194969
101,PM,rest,post,14,1.0
101,PM,rest,pre,14,0.9285714285714286
102,LD,rest,post,160,0.96875
102,LD,rest,pre,159,0.9622641509433962
102,PM,rest,post,14,1.0
102,PM,rest,pre,14,0.5
103,LD,rest,post,160,0.9875
103,LD,rest,pre,160,0.9875
103,PM,rest,post,14,1.0
103,PM,rest,pre,14,0.9285714285714286
104,LD,rest,post,160,1.0
104,LD,rest,pre,160,0.99375
104,PM,rest,post,14,1.0
104,PM,rest,pre,14,0.9285714285714286
105,LD,rest,post,160,0.99375
105,LD,rest,pre,160,0.9875
105,PM,rest,post,14,1.0
105,PM,rest,pre,14,0.9285714285714286
106,LD,rest,post,159,0.9937106918238994
106,LD,rest,pre,160,0.975
106,PM,rest,post,14,0.9285714285714286
106,PM,rest,pre,14,0.9285714285714286
107,LD,rest,post,160,0.98125
107,LD,rest,pre,160,1.0
107,PM,rest,post,14,1.0
107,PM,rest,pre,13,0.8461538461538461
108,LD,rest,post,160,0.9875
108,LD,rest,pre,160,0.9875
108,PM,rest,post,14,1.0
108,PM,rest,pre,14,0.9285714285714286
109,LD,rest,post,159,0.9685534591194969
109,LD,rest,pre,160,0.96875
109,PM,rest,post,14,1.0
109,PM,rest,pre,14,0.8571428571428571
110,LD,rest,post,160,0.96875
110,LD,rest,pre,156,0.967948717948718
110,PM,rest,post,12,0.8333333333333334
110,PM,rest,pre,13,0.7692307692307693
111,LD,rest,post,160,1.0
111,LD,rest,pre,158,0.9936708860759493
111,PM,rest,post,14,1.0
111,PM,rest,pre,14,0.9285714285714286
112,LD,rest,post,160,0.975
112,LD,rest,pre,160,0.9875
112,PM,rest,post,14,0.9285714285714286
112,PM,rest,pre,14,0.9285714285714286
113,LD,rest,post,160,0.975
113,LD,rest,pre,160,0.99375
113,PM,rest,post,14,1.0
113,PM,rest,pre,14,0.9285714285714286
114,LD,rest,post,160,0.95625
114,LD,rest,pre,160,0.975
114,PM,rest,post,14,0.35714285714285715
114,PM,rest,pre,14,0.42857142857142855
115,LD,rest,post,154,0.948051948051948
115,LD,rest,pre,159,0.9685534591194969
115,PM,rest,post,14,1.0
115,PM,rest,pre,13,0.9230769230769231
201,LD,tiktok,post,159,0.9874213836477987
201,LD,tiktok,pre,160,0.99375
201,PM,tiktok,post,14,0.42857142857142855
201,PM,tiktok,pre,14,0.8571428571428571
202,LD,tiktok,post,160,0.9875
202,LD,tiktok,pre,160,0.96875
202,PM,tiktok,post,14,0.7142857142857143
202,PM,tiktok,pre,14,0.7142857142857143
203,LD,tiktok,post,160,0.98125
203,LD,tiktok,pre,160,0.99375
203,PM,tiktok,post,13,0.5384615384615384
203,PM,tiktok,pre,14,0.9285714285714286
204,LD,tiktok,post,160,0.975
204,LD,tiktok,pre,157,0.9936305732484076
204,PM,tiktok,post,14,0.6428571428571429
204,PM,tiktok,pre,14,0.9285714285714286
205,LD,tiktok,post,159,0.9811320754716981
205,LD,tiktok,pre,160,0.99375
205,PM,tiktok,post,14,0.5
205,PM,tiktok,pre,14,0.9285714285714286
206,LD,tiktok,post,160,0.9875
206,LD,tiktok,pre,158,0.9810126582278481
206,PM,tiktok,post,14,0.2857142857142857
206,PM,tiktok,pre,14,0.35714285714285715
207,LD,tiktok,post,160,0.99375
207,LD,tiktok,pre,160,0.99375
207,PM,tiktok,post,14,0.6428571428571429
207,PM,tiktok,pre,14,0.9285714285714286
208,LD,tiktok,post,160,0.96875
208,LD,tiktok,pre,160,0.95625
208,PM,tiktok,post,14,0.5714285714285714
208,PM,tiktok,pre,14,0.7857142857142857
209,LD,tiktok,post,160,0.99375
209,LD,tiktok,pre,160,0.9875
209,PM,tiktok,post,14,0.2857142857142857
209,PM,tiktok,pre,14,0.9285714285714286
210,LD,tiktok,post,160,1.0
210,LD,tiktok,pre,160,0.9875
210,PM,tiktok,post,14,0.2857142857142857
210,PM,tiktok,pre,14,0.9285714285714286
211,LD,tiktok,post,159,0.9308176100628931
211,LD,tiktok,pre,159,0.9308176100628931
211,PM,tiktok,post,13,0.23076923076923078
211,PM,tiktok,pre,14,0.7142857142857143
212,LD,tiktok,post,160,0.9875
212,LD,tiktok,pre,160,0.99375
212,PM,tiktok,post,13,0.5384615384615384
212,PM,tiktok,pre,14,0.8571428571428571
213,LD,tiktok,post,159,0.9937106918238994
213,LD,tiktok,pre,160,0.9625
213,PM,tiktok,post,14,0.2857142857142857
213,PM,tiktok,pre,13,0.7692307692307693
214,LD,tiktok,post,160,1.0
214,LD,tiktok,pre,159,0.9937106918238994
214,PM,tiktok,post,13,0.38461538461538464
214,PM,tiktok,pre,14,0.35714285714285715
215,LD,tiktok,post,157,0.9554140127388535
215,LD,tiktok,pre,159,0.9559748427672956
215,PM,tiktok,post,14,0.9285714285714286
215,PM,tiktok,pre,14,0.7857142857142857
301,LD,youtube,post,154,0.9285714285714286
301,LD,youtube,pre,158,0.9620253164556962
301,PM,youtube,post,14,1.0
301,PM,youtube,pre,14,0.7857142857142857
302,LD,youtube,post,160,1.0
302,LD,youtube,pre,160,0.9875
302,PM,youtube,post,14,0.6428571428571429
302,PM,youtube,pre,13,0.6923076923076923
303,LD,youtube,post,160,0.9625
303,LD,youtube,pre,159,0.9559748427672956
303,PM,youtube,post,14,0.21428571428571427
303,PM,youtube,pre,14,0.7857142857142857
304,LD,youtube,post,160,1.0
304,LD,youtube,pre,160,0.98125
304,PM,youtube,post,14,1.0
304,PM,youtube,pre,14,0.9285714285714286
305,LD,youtube,post,160,0.94375
305,LD,youtube,pre,160,0.98125
305,PM,youtube,post,14,1.0
305,PM,youtube,pre,14,0.9285714285714286
306,LD,youtube,post,160,0.99375
306,LD,youtube,pre,160,0.99375
306,PM,youtube,post,14,1.0
306,PM,youtube,pre,14,0.9285714285714286
307,LD,youtube,post,160,0.9875
307,LD,youtube,pre,160,0.99375
307,PM,youtube,post,14,1.0
307,PM,youtube,pre,14,0.9285714285714286
308,LD,youtube,post,160,0.96875
308,LD,youtube,pre,160,0.975
308,PM,youtube,post,14,0.35714285714285715
308,PM,youtube,pre,14,0.9285714285714286
309,LD,youtube,post,160,0.96875
309,LD,youtube,pre,160,0.99375
309,PM,youtube,post,14,1.0
309,PM,youtube,pre,14,0.8571428571428571
310,LD,youtube,post,160,0.025
310,LD,youtube,pre,159,0.012578616352201259
310,PM,youtube,post,14,0.9285714285714286
310,PM,youtube,pre,14,0.8571428571428571
311,LD,youtube,post,160,0.9875
311,LD,youtube,pre,160,0.9875
311,PM,youtube,post,14,1.0
311,PM,youtube,pre,14,0.9285714285714286
312,LD,youtube,post,159,1.0
312,LD,youtube,pre,158,0.9936708860759493
312,PM,youtube,post,14,1.0
312,PM,youtube,pre,14,0.9285714285714286
313,LD,youtube,post,160,1.0
313,LD,youtube,pre,159,0.9874213836477987
313,PM,youtube,post,14,0.35714285714285715
313,PM,youtube,pre,13,0.23076923076923078
314,LD,youtube,post,156,0.9102564102564102
314,LD,youtube,pre,158,0.9556962025316456
314,PM,youtube,post,14,1.0
314,PM,youtube,pre,13,0.7692307692307693
315,LD,youtube,post,160,0.99375
315,LD,youtube,pre,160,0.9625
315,PM,youtube,post,14,0.8571428571428571
315,PM,youtube,pre,14,0.6428571428571429
401,LD,twitter,post,159,0.9874213836477987
401,LD,twitter,pre,160,0.9625
401,PM,twitter,post,14,1.0
401,PM,twitter,pre,13,0.9230769230769231
402,LD,twitter,post,160,0.9875
402,LD,twitter,pre,160,0.9875
402,PM,twitter,post,14,1.0
402,PM,twitter,pre,14,0.8571428571428571
403,LD,twitter,post,160,0.96875
403,LD,twitter,pre,160,0.99375
403,PM,twitter,post,14,1.0
403,PM,twitter,pre,14,0.7857142857142857
404,LD,twitter,post,160,0.9625
404,LD,twitter,pre,160,0.975
404,PM,twitter,post,14,0.9285714285714286
404,PM,twitter,pre,14,0.9285714285714286
405,LD,twitter,post,160,0.99375
405,LD,twitter,pre,160,0.99375
405,PM,twitter,post,14,1.0
405,PM,twitter,pre,14,0.9285714285714286
406,LD,twitter,post,160,0.98125
406,LD,twitter,pre,160,0.99375
406,PM,twitter,post,14,0.9285714285714286
406,PM,twitter,pre,14,0.8571428571428571
407,LD,twitter,post,160,0.98125
407,LD,twitter,pre,160,0.9875
407,PM,twitter,post,14,0.9285714285714286
407,PM,twitter,pre,14,0.8571428571428571
408,LD,twitter,post,160,0.9875
408,LD,twitter,pre,160,0.99375
408,PM,twitter,post,14,1.0
408,PM,twitter,pre,14,0.9285714285714286
409,LD,twitter,post,160,0.96875
409,LD,twitter,pre,159,0.9937106918238994
409,PM,twitter,post,14,1.0
409,PM,twitter,pre,14,0.8571428571428571
410,LD,twitter,post,160,1.0
410,LD,twitter,pre,160,0.9875
410,PM,twitter,post,14,1.0
410,PM,twitter,pre,14,0.9285714285714286
411,LD,twitter,post,160,0.975
411,LD,twitter,pre,160,1.0
411,PM,twitter,post,14,0.9285714285714286
411,PM,twitter,pre,14,0.7857142857142857
412,LD,twitter,post,160,0.96875
412,LD,twitter,pre,160,1.0
412,PM,twitter,post,14,1.0
412,PM,twitter,pre,14,0.7857142857142857
413,LD,twitter,post,160,0.96875
413,LD,twitter,pre,160,1.0
413,PM,twitter,post,14,1.0
413,PM,twitter,pre,14,0.7857142857142857
414,LD,twitter,post,160,0.975
414,LD,twitter,pre,160,0.98125
414,PM,twitter,post,14,1.0
414,PM,twitter,pre,14,0.9285714285714286
415,LD,twitter,post,160,0.9875
415,LD,twitter,pre,160,0.9875
415,PM,twitter,post,14,0.9285714285714286
415,PM,twitter,pre,14,0.7857142857142857
